ut	date	cum_covishield_dose1	new_covishield_dose1	cum_covishield_dose2	new_covishield_dose2	cum_sinopharm_dose1	new_sinopharm_dose1	cum_sinopharm_dose2	new_sinopharm_dose2	cum_sputnik_dose1	new_sputnik_dose1	cum_sputnik_dose2	new_sputnik_dose2	cum_pfizer_dose1	new_pfizer_dose1	cum_pfizer_dose2	new_pfizer_dose2	cum_moderna_dose1	new_moderna_dose1	cum_moderna_dose2	new_moderna_dose2	cum_total_dose1	new_total_dose1	cum_total_dose2	new_total_dose2	cum_total	new_total
1611878400	2021-01-29	5286	5286	0	0	0	0	0	0	0	0	0	0	0	0	0	0	0	0	0	0	5286	5286	0	0	5286	5286
1611964800	2021-01-30	37825	32539	0	0	0	0	0	0	0	0	0	0	0	0	0	0	0	0	0	0	37825	32539	0	0	37825	32539
1612051200	2021-01-31	59154	21329	0	0	0	0	0	0	0	0	0	0	0	0	0	0	0	0	0	0	59154	21329	0	0	59154	21329
1612137600	2021-02-01	95550	36396	0	0	0	0	0	0	0	0	0	0	0	0	0	0	0	0	0	0	95550	36396	0	0	95550	36396
1612224000	2021-02-02	118767	23217	0	0	0	0	0	0	0	0	0	0	0	0	0	0	0	0	0	0	118767	23217	0	0	118767	23217
1612310400	2021-02-03	139914	21147	0	0	0	0	0	0	0	0	0	0	0	0	0	0	0	0	0	0	139914	21147	0	0	139914	21147
1612396800	2021-02-04	146327	6413	0	0	0	0	0	0	0	0	0	0	0	0	0	0	0	0	0	0	146327	6413	0	0	146327	6413
1612483200	2021-02-05	156310	9983	0	0	0	0	0	0	0	0	0	0	0	0	0	0	0	0	0	0	156310	9983	0	0	156310	9983
1612569600	2021-02-06	160148	3838	0	0	0	0	0	0	0	0	0	0	0	0	0	0	0	0	0	0	160148	3838	0	0	160148	3838
1612656000	2021-02-07	161773	1625	0	0	0	0	0	0	0	0	0	0	0	0	0	0	0	0	0	0	161773	1625	0	0	161773	1625
1612742400	2021-02-08	167762	5989	0	0	0	0	0	0	0	0	0	0	0	0	0	0	0	0	0	0	167762	5989	0	0	167762	5989
1612828800	2021-02-09	174193	6431	0	0	0	0	0	0	0	0	0	0	0	0	0	0	0	0	0	0	174193	6431	0	0	174193	6431
1612915200	2021-02-10	176725	2532	0	0	0	0	0	0	0	0	0	0	0	0	0	0	0	0	0	0	176725	2532	0	0	176725	2532
1613001600	2021-02-11	178087	1362	0	0	0	0	0	0	0	0	0	0	0	0	0	0	0	0	0	0	178087	1362	0	0	178087	1362
1613088000	2021-02-12	179197	1110	0	0	0	0	0	0	0	0	0	0	0	0	0	0	0	0	0	0	179197	1110	0	0	179197	1110
1613174400	2021-02-13	186654	7457	0	0	0	0	0	0	0	0	0	0	0	0	0	0	0	0	0	0	186654	7457	0	0	186654	7457
1613260800	2021-02-14	189349	2695	0	0	0	0	0	0	0	0	0	0	0	0	0	0	0	0	0	0	189349	2695	0	0	189349	2695
1613347200	2021-02-15	192938	3589	0	0	0	0	0	0	0	0	0	0	0	0	0	0	0	0	0	0	192938	3589	0	0	192938	3589
1613433600	2021-02-16	196163	3225	0	0	0	0	0	0	0	0	0	0	0	0	0	0	0	0	0	0	196163	3225	0	0	196163	3225
1613520000	2021-02-17	210405	14242	0	0	0	0	0	0	0	0	0	0	0	0	0	0	0	0	0	0	210405	14242	0	0	210405	14242
1613606400	2021-02-18	233472	23067	0	0	0	0	0	0	0	0	0	0	0	0	0	0	0	0	0	0	233472	23067	0	0	233472	23067
1613692800	2021-02-19	263779	30307	0	0	0	0	0	0	0	0	0	0	0	0	0	0	0	0	0	0	263779	30307	0	0	263779	30307
1613779200	2021-02-20	302857	39078	0	0	0	0	0	0	0	0	0	0	0	0	0	0	0	0	0	0	302857	39078	0	0	302857	39078
1613865600	2021-02-21	338769	35912	0	0	0	0	0	0	0	0	0	0	0	0	0	0	0	0	0	0	338769	35912	0	0	338769	35912
1613952000	2021-02-22	354352	15583	0	0	0	0	0	0	0	0	0	0	0	0	0	0	0	0	0	0	354352	15583	0	0	354352	15583
1614038400	2021-02-23	366907	12555	0	0	0	0	0	0	0	0	0	0	0	0	0	0	0	0	0	0	366907	12555	0	0	366907	12555
1614124800	2021-02-24	378603	11696	0	0	0	0	0	0	0	0	0	0	0	0	0	0	0	0	0	0	378603	11696	0	0	378603	11696
1614211200	2021-02-25	393469	14866	0	0	0	0	0	0	0	0	0	0	0	0	0	0	0	0	0	0	393469	14866	0	0	393469	14866
1614297600	2021-02-26	406633	13164	0	0	0	0	0	0	0	0	0	0	0	0	0	0	0	0	0	0	406633	13164	0	0	406633	13164
1614384000	2021-02-27	441976	35343	0	0	0	0	0	0	0	0	0	0	0	0	0	0	0	0	0	0	441976	35343	0	0	441976	35343
1614470400	2021-02-28	466350	24374	0	0	0	0	0	0	0	0	0	0	0	0	0	0	0	0	0	0	466350	24374	0	0	466350	24374
1614556800	2021-03-01	509275	42925	0	0	0	0	0	0	0	0	0	0	0	0	0	0	0	0	0	0	509275	42925	0	0	509275	42925
1614643200	2021-03-02	553821	44546	0	0	0	0	0	0	0	0	0	0	0	0	0	0	0	0	0	0	553821	44546	0	0	553821	44546
1614729600	2021-03-03	599991	46170	0	0	0	0	0	0	0	0	0	0	0	0	0	0	0	0	0	0	599991	46170	0	0	599991	46170
1614816000	2021-03-04	650991	51000	0	0	0	0	0	0	0	0	0	0	0	0	0	0	0	0	0	0	650991	51000	0	0	650991	51000
1614902400	2021-03-05	699521	48530	0	0	0	0	0	0	0	0	0	0	0	0	0	0	0	0	0	0	699521	48530	0	0	699521	48530
1614988800	2021-03-06	724278	24757	0	0	0	0	0	0	0	0	0	0	0	0	0	0	0	0	0	0	724278	24757	0	0	724278	24757
1615075200	2021-03-07	729562	5284	0	0	0	0	0	0	0	0	0	0	0	0	0	0	0	0	0	0	729562	5284	0	0	729562	5284
1615161600	2021-03-08	737062	7500	0	0	0	0	0	0	0	0	0	0	0	0	0	0	0	0	0	0	737062	7500	0	0	737062	7500
1615248000	2021-03-09	743775	6713	0	0	0	0	0	0	0	0	0	0	0	0	0	0	0	0	0	0	743775	6713	0	0	743775	6713
1615334400	2021-03-10	752098	8323	0	0	0	0	0	0	0	0	0	0	0	0	0	0	0	0	0	0	752098	8323	0	0	752098	8323
1615420800	2021-03-11	759548	7450	0	0	0	0	0	0	0	0	0	0	0	0	0	0	0	0	0	0	759548	7450	0	0	759548	7450
1615507200	2021-03-12	760765	1217	0	0	0	0	0	0	0	0	0	0	0	0	0	0	0	0	0	0	760765	1217	0	0	760765	1217
1615593600	2021-03-13	770408	9643	0	0	0	0	0	0	0	0	0	0	0	0	0	0	0	0	0	0	770408	9643	0	0	770408	9643
1615680000	2021-03-14	773011	2603	0	0	0	0	0	0	0	0	0	0	0	0	0	0	0	0	0	0	773011	2603	0	0	773011	2603
1615766400	2021-03-15	784500	11489	0	0	0	0	0	0	0	0	0	0	0	0	0	0	0	0	0	0	784500	11489	0	0	784500	11489
1615852800	2021-03-16	796792	12292	0	0	0	0	0	0	0	0	0	0	0	0	0	0	0	0	0	0	796792	12292	0	0	796792	12292
1615939200	2021-03-17	806449	9657	0	0	0	0	0	0	0	0	0	0	0	0	0	0	0	0	0	0	806449	9657	0	0	806449	9657
1616025600	2021-03-18	815585	9136	0	0	0	0	0	0	0	0	0	0	0	0	0	0	0	0	0	0	815585	9136	0	0	815585	9136
1616112000	2021-03-19	824523	8938	0	0	0	0	0	0	0	0	0	0	0	0	0	0	0	0	0	0	824523	8938	0	0	824523	8938
1616198400	2021-03-20	829220	4697	0	0	0	0	0	0	0	0	0	0	0	0	0	0	0	0	0	0	829220	4697	0	0	829220	4697
1616284800	2021-03-21	829865	645	0	0	0	0	0	0	0	0	0	0	0	0	0	0	0	0	0	0	829865	645	0	0	829865	645
1616371200	2021-03-22	838355	8490	0	0	0	0	0	0	0	0	0	0	0	0	0	0	0	0	0	0	838355	8490	0	0	838355	8490
1616457600	2021-03-23	844327	5972	0	0	0	0	0	0	0	0	0	0	0	0	0	0	0	0	0	0	844327	5972	0	0	844327	5972
1616544000	2021-03-24	856327	12000	0	0	0	0	0	0	0	0	0	0	0	0	0	0	0	0	0	0	856327	12000	0	0	856327	12000
1616630400	2021-03-25	869709	13382	0	0	0	0	0	0	0	0	0	0	0	0	0	0	0	0	0	0	869709	13382	0	0	869709	13382
1616716800	2021-03-26	884164	14455	0	0	0	0	0	0	0	0	0	0	0	0	0	0	0	0	0	0	884164	14455	0	0	884164	14455
1616803200	2021-03-27	894053	9889	0	0	0	0	0	0	0	0	0	0	0	0	0	0	0	0	0	0	894053	9889	0	0	894053	9889
1616889600	2021-03-28	894365	312	0	0	0	0	0	0	0	0	0	0	0	0	0	0	0	0	0	0	894365	312	0	0	894365	312
1616976000	2021-03-29	903467	9102	0	0	0	0	0	0	0	0	0	0	0	0	0	0	0	0	0	0	903467	9102	0	0	903467	9102
1617062400	2021-03-30	913219	9752	0	0	0	0	0	0	0	0	0	0	0	0	0	0	0	0	0	0	913219	9752	0	0	913219	9752
1617148800	2021-03-31	919753	6534	0	0	0	0	0	0	0	0	0	0	0	0	0	0	0	0	0	0	919753	6534	0	0	919753	6534
1617235200	2021-04-01	923954	4201	0	0	0	0	0	0	0	0	0	0	0	0	0	0	0	0	0	0	923954	4201	0	0	923954	4201
1617235200	2021-04-01	923954	0	0	0	0	0	0	0	0	0	0	0	0	0	0	0	0	0	0	0	923954	0	0	0	923954	0
1617235200	2021-04-01	923954	0	0	0	0	0	0	0	0	0	0	0	0	0	0	0	0	0	0	0	923954	0	0	0	923954	0
1617235200	2021-04-01	923954	0	0	0	0	0	0	0	0	0	0	0	0	0	0	0	0	0	0	0	923954	0	0	0	923954	0
1617580800	2021-04-05	924536	582	0	0	1570	1570	0	0	0	0	0	0	0	0	0	0	0	0	0	0	926106	2152	0	0	926106	2152
1617667200	2021-04-06	924687	151	0	0	2469	899	0	0	0	0	0	0	0	0	0	0	0	0	0	0	927156	1050	0	0	927156	1050
1617753600	2021-04-07	924758	71	0	0	2469	0	0	0	0	0	0	0	0	0	0	0	0	0	0	0	927227	71	0	0	927227	71
1617840000	2021-04-08	925082	324	0	0	2469	0	0	0	0	0	0	0	0	0	0	0	0	0	0	0	927551	324	0	0	927551	324
1617926400	2021-04-09	925176	94	0	0	2469	0	0	0	0	0	0	0	0	0	0	0	0	0	0	0	927645	94	0	0	927645	94
1618012800	2021-04-10	925242	66	0	0	2469	0	0	0	0	0	0	0	0	0	0	0	0	0	0	0	927711	66	0	0	927711	66
1618099200	2021-04-11	925242	0	0	0	2469	0	0	0	0	0	0	0	0	0	0	0	0	0	0	0	927711	0	0	0	927711	0
1618185600	2021-04-12	925242	0	0	0	2469	0	0	0	0	0	0	0	0	0	0	0	0	0	0	0	927711	0	0	0	927711	0
1618185600	2021-04-12	925242	0	0	0	2469	0	0	0	0	0	0	0	0	0	0	0	0	0	0	0	927711	0	0	0	927711	0
1618358400	2021-04-14	925242	0	0	0	2469	0	0	0	0	0	0	0	0	0	0	0	0	0	0	0	927711	0	0	0	927711	0
1618444800	2021-04-15	925242	0	0	0	2469	0	0	0	0	0	0	0	0	0	0	0	0	0	0	0	927711	0	0	0	927711	0
1618531200	2021-04-16	925242	0	0	0	2469	0	0	0	0	0	0	0	0	0	0	0	0	0	0	0	927711	0	0	0	927711	0
1618617600	2021-04-17	925242	0	0	0	2469	0	0	0	0	0	0	0	0	0	0	0	0	0	0	0	927711	0	0	0	927711	0
1618704000	2021-04-18	925242	0	0	0	2469	0	0	0	0	0	0	0	0	0	0	0	0	0	0	0	927711	0	0	0	927711	0
1618790400	2021-04-19	925242	0	0	0	2469	0	0	0	0	0	0	0	0	0	0	0	0	0	0	0	927711	0	0	0	927711	0
1618876800	2021-04-20	925242	0	0	0	2469	0	0	0	0	0	0	0	0	0	0	0	0	0	0	0	927711	0	0	0	927711	0
1618876800	2021-04-20	925242	0	0	0	2469	0	0	0	0	0	0	0	0	0	0	0	0	0	0	0	927711	0	0	0	927711	0
1618876800	2021-04-20	925242	0	0	0	2469	0	0	0	0	0	0	0	0	0	0	0	0	0	0	0	927711	0	0	0	927711	0
1618876800	2021-04-20	925242	0	0	0	2469	0	0	0	0	0	0	0	0	0	0	0	0	0	0	0	927711	0	0	0	927711	0
1618876800	2021-04-20	925242	0	0	0	2469	0	0	0	0	0	0	0	0	0	0	0	0	0	0	0	927711	0	0	0	927711	0
1618876800	2021-04-20	925242	0	0	0	2469	0	0	0	0	0	0	0	0	0	0	0	0	0	0	0	927711	0	0	0	927711	0
1618876800	2021-04-20	925242	0	0	0	2469	0	0	0	0	0	0	0	0	0	0	0	0	0	0	0	927711	0	0	0	927711	0
1619481600	2021-04-27	925242	0	0	0	2469	0	0	0	0	0	0	0	0	0	0	0	0	0	0	0	927711	0	0	0	927711	0
1619568000	2021-04-28	925242	0	3445	3445	2469	0	0	0	0	0	0	0	0	0	0	0	0	0	0	0	927711	0	3445	3445	931156	3445
1619654400	2021-04-29	925242	0	22919	19474	2469	0	0	0	0	0	0	0	0	0	0	0	0	0	0	0	927711	0	22919	19474	950630	19474
1619740800	2021-04-30	925242	0	60757	37838	2865	396	0	0	0	0	0	0	0	0	0	0	0	0	0	0	928107	396	60757	37838	988864	38234
1619827200	2021-05-01	925242	0	85653	24896	2865	0	0	0	0	0	0	0	0	0	0	0	0	0	0	0	928107	0	85653	24896	1013760	24896
1619913600	2021-05-02	925242	0	94436	8783	2865	0	0	0	0	0	0	0	0	0	0	0	0	0	0	0	928107	0	94436	8783	1022543	8783
1620000000	2021-05-03	925242	0	117571	23135	2865	0	0	0	0	0	0	0	0	0	0	0	0	0	0	0	928107	0	117571	23135	1045678	23135
1620086400	2021-05-04	925242	0	139286	21715	2865	0	0	0	0	0	0	0	0	0	0	0	0	0	0	0	928107	0	139286	21715	1067393	21715
1620172800	2021-05-05	925242	0	157551	18265	2865	0	0	0	0	0	0	0	0	0	0	0	0	0	0	0	928107	0	157551	18265	1085658	18265
1620259200	2021-05-06	925242	0	174800	17249	2865	0	0	0	669	669	0	0	6	6	0	0	0	0	0	0	928782	675	174800	17249	1103582	17924
1620345600	2021-05-07	925242	0	187775	12975	2865	0	0	0	1669	1000	0	0	7	1	0	0	0	0	0	0	929783	1001	187775	12975	1117558	13976
1620432000	2021-05-08	925242	0	194905	7130	3158	293	0	0	2996	1327	0	0	8	1	0	0	0	0	0	0	931404	1621	194905	7130	1126309	8751
1620518400	2021-05-09	925242	0	196546	1641	6034	2876	0	0	4381	1385	0	0	9	1	0	0	0	0	0	0	935666	4262	196546	1641	1132212	5903
1620604800	2021-05-10	925242	0	211518	14972	23575	17541	0	0	5878	1497	0	0	10	1	0	0	0	0	0	0	954705	19039	211518	14972	1166223	34011
1620691200	2021-05-11	925242	0	221368	9850	71203	47628	0	0	11338	5460	0	0	11	1	0	0	0	0	0	0	1007794	53089	221368	9850	1229162	62939
1620777600	2021-05-12	925242	0	231557	10189	150606	79403	0	0	14673	3335	0	0	12	1	0	0	0	0	0	0	1090533	82739	231557	10189	1322090	92928
1620864000	2021-05-13	925242	0	241522	9965	214880	64274	0	0	14673	0	0	0	13	1	0	0	0	0	0	0	1154808	64275	241522	9965	1396330	74240
1620950400	2021-05-14	925242	0	256004	14482	276762	61882	0	0	14673	0	0	0	14	1	0	0	0	0	0	0	1216691	61883	256004	14482	1472695	76365
1621036800	2021-05-15	925242	0	265465	9461	348619	71857	0	0	14699	26	0	0	15	1	0	0	0	0	0	0	1288575	71884	265465	9461	1554040	81345
1621123200	2021-05-16	925242	0	267077	1612	375316	26697	0	0	14699	0	0	0	16	1	0	0	0	0	0	0	1315273	26698	267077	1612	1582350	28310
1621209600	2021-05-17	925242	0	292457	25380	424823	49507	0	0	14699	0	0	0	17	1	0	0	0	0	0	0	1364781	49508	292457	25380	1657238	74888
1621296000	2021-05-18	925242	0	297686	5229	457840	33017	0	0	14917	218	0	0	18	1	0	0	0	0	0	0	1398017	33236	297686	5229	1695703	38465
1621382400	2021-05-19	925242	0	304961	7275	474685	16845	0	0	14934	17	0	0	19	1	0	0	0	0	0	0	1414880	16863	304961	7275	1719841	24138
1621468800	2021-05-20	925242	0	313699	8738	485373	10688	0	0	14941	7	0	0	2005	1986	0	0	0	0	0	0	1427561	12681	313699	8738	1741260	21419
1621555200	2021-05-21	925242	0	320196	6497	501493	16120	0	0	14941	0	0	0	21	-1984	0	0	0	0	0	0	1441697	14136	320196	6497	1761893	20633
1621641600	2021-05-22	925242	0	325796	5600	511905	10412	0	0	14984	43	0	0	22	1	0	0	0	0	0	0	1452153	10456	325796	5600	1777949	16056
1621728000	2021-05-23	925242	0	330988	5192	514259	2354	0	0	14984	0	0	0	23	1	0	0	0	0	0	0	1454508	2355	330988	5192	1785496	7547
1621814400	2021-05-24	925242	0	338493	7505	516259	2000	0	0	14984	0	0	0	24	1	0	0	0	0	0	0	1456509	2001	338493	7505	1795002	9506
1621900800	2021-05-25	925242	0	340842	2349	517824	1565	0	0	14984	0	0	0	25	1	0	0	0	0	0	0	1458075	1566	340842	2349	1798917	3915
1621987200	2021-05-26	925242	0	341541	699	521470	3646	0	0	14984	0	0	0	26	1	0	0	0	0	0	0	1461722	3647	341541	699	1803263	4346
1622073600	2021-05-27	925242	0	341962	421	563409	41939	0	0	14984	0	0	0	27	1	0	0	0	0	0	0	1503662	41940	341962	421	1845624	42361
1622160000	2021-05-28	925242	0	343293	1331	580031	16622	0	0	14984	0	0	0	28	1	0	0	0	0	0	0	1520285	16623	343293	1331	1863578	17954
1622246400	2021-05-29	925242	0	343805	512	601508	21477	0	0	14984	0	0	0	29	1	0	0	0	0	0	0	1541763	21478	343805	512	1885568	21990
1622332800	2021-05-30	925242	0	345789	1984	666612	65104	0	0	16664	1680	0	0	30	1	0	0	0	0	0	0	1608548	66785	345789	1984	1954337	68769
1622419200	2021-05-31	925242	0	347310	1521	739499	72887	0	0	26821	10157	0	0	1521	1491	0	0	0	0	0	0	1693083	84535	347310	1521	2040393	86056
1622505600	2021-06-01	925242	0	348582	1272	797205	57706	0	0	44189	17368	0	0	1	-1520	0	0	0	0	0	0	1766637	73554	348582	1272	2115219	74826
1622592000	2021-06-02	925242	0	350163	1581	846583	49378	0	0	62703	18514	0	0	2	1	0	0	0	0	0	0	1834530	67893	350163	1581	2184693	69474
1622678400	2021-06-03	925242	0	350958	795	891630	45047	0	0	64986	2283	0	0	3	1	0	0	0	0	0	0	1881861	47331	350958	795	2232819	48126
1622764800	2021-06-04	925242	0	351459	501	930573	38943	0	0	64986	0	0	0	4	1	0	0	0	0	0	0	1920805	38944	351459	501	2272264	39445
1622851200	2021-06-05	925242	0	353156	1697	953480	22907	0	0	64986	0	0	0	5	1	0	0	0	0	0	0	1943713	22908	353156	1697	2296869	24605
1622937600	2021-06-06	925242	0	353302	146	957959	4479	0	0	64986	0	0	0	6	1	0	0	0	0	0	0	1948193	4480	353302	146	2301495	4626
1623024000	2021-06-07	925242	0	353789	487	989574	31615	0	0	64986	0	0	0	7	1	0	0	0	0	0	0	1979809	31616	353789	487	2333598	32103
1623110400	2021-06-08	925242	0	353789	0	1033028	43454	166	166	64986	0	0	0	8	1	0	0	0	0	0	0	2023264	43455	353955	166	2377219	43621
1623196800	2021-06-09	925242	0	354651	862	1099092	66064	6994	6828	64986	0	0	0	9	1	0	0	0	0	0	0	2089329	66065	361645	7690	2450974	73755
1623283200	2021-06-10	925242	0	354993	342	1166707	67615	32445	25451	64986	0	0	0	10	1	0	0	0	0	0	0	2156945	67616	387438	25793	2544383	93409
1623369600	2021-06-11	925242	0	355177	184	1209276	42569	78025	45580	64986	0	0	0	11	1	0	0	0	0	0	0	2199515	42570	433202	45764	2632717	88334
1623456000	2021-06-12	925242	0	355358	181	1269157	59881	154640	76615	64986	0	0	0	12	1	0	0	0	0	0	0	2259397	59882	509998	76796	2769395	136678
1623542400	2021-06-13	925242	0	355412	54	1295344	26187	187372	32732	64986	0	2114	2114	13	1	0	0	0	0	0	0	2285585	26188	544898	34900	2830483	61088
1623628800	2021-06-14	925242	0	355675	263	1326784	31440	253835	66463	64986	0	3690	1576	14	1	0	0	0	0	0	0	2317026	31441	613200	68302	2930226	99743
1623715200	2021-06-15	925242	0	356232	557	1360336	33552	317431	63596	64986	0	3690	0	15	1	0	0	0	0	0	0	2350579	33553	677353	64153	3027932	97706
1623801600	2021-06-16	925242	0	356503	271	1390126	29790	339932	22501	64986	0	6116	2426	16	1	0	0	0	0	0	0	2380370	29791	702551	25198	3082921	54989
1623888000	2021-06-17	925242	0	356610	107	1401455	11329	382972	43040	64986	0	8991	2875	17	1	0	0	0	0	0	0	2391700	11330	748573	46022	3140273	57352
1623974400	2021-06-18	925242	0	357868	1258	1423874	22419	417448	34476	81695	16709	11691	2700	18	1	0	0	0	0	0	0	2430829	39129	787007	38434	3217836	77563
1624060800	2021-06-19	925242	0	357868	0	1434468	10594	434083	16635	95470	13775	14301	2610	0	-18	0	0	0	0	0	0	2455180	24351	806252	19245	3261432	43596
1624147200	2021-06-20	925242	0	372158	14290	1437112	2644	442657	8574	110453	14983	14301	0	0	0	0	0	0	0	0	0	2472807	17627	829116	22864	3301923	40491
1624233600	2021-06-21	925242	0	372290	132	1443470	6358	455592	12935	113454	3001	14301	0	0	0	0	0	0	0	0	0	2482166	9359	842183	13067	3324349	22426
1624320000	2021-06-22	925242	0	372675	385	1448601	5131	470870	15278	113454	0	14323	22	0	0	0	0	0	0	0	0	2487297	5131	857868	15685	3345165	20816
1624406400	2021-06-23	925242	0	372719	44	1461732	13131	479750	8880	113454	0	14323	0	0	0	0	0	0	0	0	0	2500428	13131	866792	8924	3367220	22055
1624492800	2021-06-24	925242	0	372719	0	1474958	13226	483910	4160	113454	0	14363	40	0	0	0	0	0	0	0	0	2513654	13226	870992	4200	3384646	17426
1624579200	2021-06-25	925242	0	372719	0	1502985	28027	487893	3983	114795	1341	14363	0	0	0	0	0	0	0	0	0	2543022	29368	874975	3983	3417997	33351
1624665600	2021-06-26	925242	0	372868	149	1533780	30795	492850	4957	114795	0	14425	62	0	0	0	0	0	0	0	0	2573817	30795	880143	5168	3453960	35963
1624752000	2021-06-27	925242	0	372899	31	1565521	31741	513195	20345	114795	0	14425	0	0	0	0	0	0	0	0	0	2605558	31741	900519	20376	3506077	52117
1624838400	2021-06-28	925242	0	374040	1141	1596487	30966	551007	37812	114795	0	14425	0	0	0	0	0	0	0	0	0	2636524	30966	939472	38953	3575996	69919
1624924800	2021-06-29	925242	0	375784	1744	1657741	61254	605116	54109	114795	0	14425	0	0	0	0	0	0	0	0	0	2697778	61254	995325	55853	3693103	117107
1625011200	2021-06-30	925242	0	378307	2523	1749500	91759	684352	79236	114795	0	14427	2	0	0	0	0	0	0	0	0	2789537	91759	1077086	81761	3866623	173520
1625097600	2021-07-01	925242	0	381979	3672	1849565	100065	750572	66220	114795	0	14427	0	0	0	0	0	0	0	0	0	2889602	100065	1146978	69892	4036580	169957
1625184000	2021-07-02	925242	0	383329	1350	1876293	26728	808743	58171	114795	0	14427	0	0	0	0	0	0	0	0	0	2916330	26728	1206499	59521	4122829	86249
1625270400	2021-07-03	925242	0	384047	718	1911208	34915	836814	28071	114795	0	14427	0	0	0	0	0	0	0	0	0	2951245	34915	1235288	28789	4186533	63704
1625356800	2021-07-04	925242	0	384047	0	1931714	20506	851969	15155	114795	0	14427	0	0	0	0	0	0	0	0	0	2971751	20506	1250443	15155	4222194	35661
1625443200	2021-07-05	925242	0	384227	180	2064929	133215	870446	18477	114795	0	14428	1	0	0	0	0	0	0	0	0	3104966	133215	1269101	18658	4374067	151873
1625529600	2021-07-06	925242	0	384294	67	2204380	139451	885809	15363	114795	0	14428	0	0	0	0	0	0	0	0	0	3244417	139451	1284531	15430	4528948	154881
1625616000	2021-07-07	925242	0	384374	80	2356130	151750	921702	35893	114795	0	14452	24	2171	2171	0	0	0	0	0	0	3398338	153921	1320528	35997	4718866	189918
1625702400	2021-07-08	925242	0	384454	80	2544614	188484	955252	33550	114795	0	14464	12	2171	0	0	0	0	0	0	0	3586822	188484	1354170	33642	4940992	222126
1625788800	2021-07-09	925242	0	384502	48	2714385	169771	979730	24478	114795	0	14464	0	3455	1284	0	0	0	0	0	0	3757877	171055	1378696	24526	5136573	195581
1625875200	2021-07-10	925242	0	385647	1145	2856147	141762	1023128	43398	114795	0	14464	0	11069	7614	0	0	0	0	0	0	3907253	149376	1423239	44543	5330492	193919
1625961600	2021-07-11	925242	0	385669	22	2940706	84559	1046840	23712	125444	10649	14464	0	18348	7279	0	0	0	0	0	0	4009740	102487	1446973	23734	5456713	126221
1626048000	2021-07-12	925242	0	385849	180	3128403	187697	1104496	57656	138801	13357	14464	0	23073	4725	0	0	0	0	0	0	4215519	205779	1504809	57836	5720328	263615
1626134400	2021-07-13	925242	0	385885	36	3417525	289122	1136881	32385	154003	15202	14464	0	23767	694	0	0	0	0	0	0	4520537	305018	1537230	32421	6057767	337439
1626220800	2021-07-14	925242	0	385885	0	3764750	347225	1183391	46510	157368	3365	14464	0	31183	7416	0	0	0	0	0	0	4878543	358006	1583740	46510	6462283	404516
1626307200	2021-07-15	925242	0	385885	0	4053819	289069	1228527	45136	157368	0	14464	0	39176	7993	0	0	0	0	0	0	5175605	297062	1628876	45136	6804481	342198
1626393600	2021-07-16	925242	0	385885	0	4276535	222716	1245827	17300	157368	0	14464	0	45793	6617	0	0	0	0	0	0	5404938	229333	1646176	17300	7051114	246633
1626480000	2021-07-17	925242	0	385885	0	4449546	173011	1267725	21898	157368	0	14464	0	46753	960	0	0	0	0	0	0	5578909	173971	1668074	21898	7246983	195869
1626566400	2021-07-18	925242	0	385885	0	4534165	84619	1286215	18490	159081	1713	14464	0	46753	0	0	0	10088	10088	0	0	5675329	96420	1686564	18490	7361893	114910
1626652800	2021-07-19	925242	0	385885	0	4635090	100925	1297337	11122	159081	0	14464	0	49081	2328	0	0	107787	97699	0	0	5876281	200952	1697686	11122	7573967	212074
1626739200	2021-07-20	925242	0	385885	0	4748225	113135	1313337	16000	159081	0	14464	0	67826	18745	0	0	238383	130596	0	0	6138757	262476	1713686	16000	7852443	278476
1626825600	2021-07-21	925242	0	385885	0	4791039	42814	1322649	9312	159081	0	14464	0	91992	24166	0	0	349848	111465	0	0	6317202	178445	1722998	9312	8040200	187757
1626912000	2021-07-22	925242	0	385885	0	4879213	88174	1335965	13316	159081	0	14464	0	112750	20758	0	0	466247	116399	0	0	6542533	225331	1736314	13316	8278847	238647
1626998400	2021-07-23	925242	0	385885	0	4919323	40110	1346048	10083	159081	0	14464	0	126058	13308	0	0	563368	97121	0	0	6693072	150539	1746397	10083	8439469	160622
1627084800	2021-07-24	925242	0	385885	0	5270508	351185	1393084	47036	159081	0	14503	39	126058	0	0	0	633198	69830	0	0	7114087	421015	1793472	47075	8907559	468090
1627171200	2021-07-25	925242	0	385885	0	5565424	294916	1406224	13140	159081	0	14503	0	113967	-12091	0	0	670583	37385	0	0	7434297	320210	1806612	13140	9240909	333350
1627257600	2021-07-26	925242	0	385885	0	5945237	379813	1482305	76081	159081	0	14503	0	114075	108	0	0	696003	25420	0	0	7839638	405341	1882693	76081	9722331	481422
1627344000	2021-07-27	925242	0	385885	0	6324298	379061	1486542	4237	159081	0	14503	0	114105	30	0	0	709468	13465	0	0	8232194	392556	1886930	4237	10119124	396793
1627430400	2021-07-28	925242	0	385885	0	6769468	445170	1593996	107454	159081	0	14503	0	155017	40912	0	0	709625	157	0	0	8718433	486239	1994384	107454	10712817	593693
1627516800	2021-07-29	925242	0	385885	0	7188692	419224	1663421	69425	159081	0	14503	0	194101	39084	0	0	711793	2168	0	0	9178909	460476	2063809	69425	11242718	529901
1627603200	2021-07-30	925242	0	385885	0	7639488	450796	1733718	70297	159081	0	14503	0	199100	4999	0	0	711793	0	0	0	9634704	455795	2134106	70297	11768810	526092
1627689600	2021-07-31	925242	0	385885	0	7945206	305718	1753818	20100	159081	0	14503	0	201495	2395	0	0	713659	1866	0	0	9944683	309979	2154206	20100	12098889	330079
1627776000	2021-08-01	925242	0	455151	69266	8077072	131866	1785041	31223	159081	0	14503	0	201495	0	192	192	714091	432	0	0	10076981	132298	2254887	100681	12331868	232979
1627862400	2021-08-02	948223	22981	630136	174985	8284463	207391	1803524	18483	159081	0	14503	0	201507	12	198	6	716581	2490	0	0	10309855	232874	2448361	193474	12758216	426348
1627948800	2021-08-03	973732	25509	756646	126510	8429229	144766	1812744	9220	159081	0	14503	0	201507	0	198	0	717736	1155	0	0	10481285	171430	2584091	135730	13065376	307160
1628035200	2021-08-04	1004231	30499	807539	50893	8527195	97966	1823802	11058	159081	0	14503	0	202815	1308	198	0	723361	5625	0	0	10616683	135398	2646042	61951	13262725	197349
1628121600	2021-08-05	1035554	31323	833606	26067	8615292	88097	1830680	6878	159081	0	14516	13	243971	41156	274	76	723361	0	0	0	10777259	160576	2679076	33034	13456335	193610
1628208000	2021-08-06	1074219	38665	851153	17547	8661405	46113	1833281	2601	159081	0	14516	0	247801	3830	400	126	728826	5465	0	0	10871332	94073	2699350	20274	13570682	114347
1628294400	2021-08-07	1103873	29654	860723	9570	8724866	63461	1903017	69736	159081	0	14516	0	250763	2962	458	58	747941	19115	0	0	10986524	115192	2778714	79364	13765238	194556
1628380800	2021-08-08	1127008	23135	861744	1021	8794593	69727	2061775	158758	159081	0	14516	0	251474	711	533	75	748936	995	0	0	11081092	94568	2938568	159854	14019660	254422
1628467200	2021-08-09	1152584	25576	865364	3620	8948551	153958	2369042	307267	159081	0	14516	0	251643	169	748	215	748936	0	0	0	11260795	179703	3249670	311102	14510465	490805
1628553600	2021-08-10	1183071	30487	867811	2447	9057321	108770	2646162	277120	159081	0	14516	0	251751	108	1026	278	758251	9315	0	0	11409475	148680	3529515	279845	14938990	428525
1628640000	2021-08-11	1222043	38972	868058	247	9140644	83323	2884051	237889	159081	0	14516	0	251846	95	9351	8325	761136	2885	0	0	11534750	125275	3775976	246461	15310726	371736
1628726400	2021-08-12	1253473	31430	869853	1795	9246429	105785	3116114	232063	159081	0	14516	0	251963	117	16602	7251	761136	0	0	0	11672082	137332	4017085	241109	15689167	378441
1628812800	2021-08-13	1276412	22939	870939	1086	9313897	67468	3394241	278127	159081	0	14516	0	252127	164	22876	6274	761136	0	0	0	11762653	90571	4302572	285487	16065225	376058
1628899200	2021-08-14	1293631	17219	871432	493	9379926	66029	3614645	220404	159081	0	14517	1	252229	102	26908	4032	765441	4305	0	0	11850308	87655	4527502	224930	16377810	312585
1628985600	2021-08-15	1295835	2204	871841	409	9407204	27278	3698303	83658	159081	0	14517	0	252290	61	31605	4697	765441	0	0	0	11879851	29543	4616266	88764	16496117	118307
1629072000	2021-08-16	1300070	4235	872667	826	9455968	48764	3924819	226516	159081	0	14517	0	252374	84	36468	4863	765441	0	0	0	11932934	53083	4848471	232205	16781405	285288
1629158400	2021-08-17	1307782	7712	872904	237	9478735	22767	4028984	104165	159081	0	14517	0	252490	116	39883	3415	765651	210	0	0	11963739	30805	4956288	107817	16920027	138622
1629244800	2021-08-18	1314937	7155	874236	1332	9521900	43165	4167616	138632	159081	0	14517	0	252554	64	40496	613	770721	5070	27320	27320	12019193	55454	5124185	167897	17143378	223351
1629331200	2021-08-19	1317456	2519	874747	511	9551446	29546	4281177	113561	159088	7	14525	8	253946	1392	42701	2205	771201	480	98634	71314	12053137	33944	5311784	187599	17364921	221543
1629417600	2021-08-20	1323659	6203	875058	311	9565302	13856	4354883	73706	159088	0	14573	48	254003	57	101957	59256	771321	120	167844	69210	12073373	20236	5514315	202531	17587688	222767
1629504000	2021-08-21	1326261	2602	876276	1218	9578129	12827	4400417	45534	159088	0	14573	0	254020	17	103536	1579	771366	45	225452	57608	12088864	15491	5620254	105939	17709118	121430
1629590400	2021-08-22	1327151	890	876363	87	9584978	6849	4414527	14110	159088	0	14573	0	254032	12	103716	180	771381	15	255726	30274	12096630	7766	5664905	44651	17761535	52417
1629676800	2021-08-23	1335262	8111	880017	3654	9609702	24724	4466999	52472	159088	0	19375	4802	254044	12	104142	426	771396	15	336963	81237	12129492	32862	5807496	142591	17936988	175453
1629763200	2021-08-24	1341027	5765	880417	400	9623794	14092	4519751	52752	159088	0	23797	4422	254299	255	104335	193	771426	30	421131	84168	12149634	20142	5949431	141935	18099065	162077
1629849600	2021-08-25	1347359	6332	881230	813	9639824	16030	4615851	96100	159088	0	25489	1692	302619	48320	104531	196	771441	15	494439	73308	12220331	70697	6121540	172109	18341871	242806
1629936000	2021-08-26	1353936	6577	881738	508	9665009	25185	4863109	247258	159088	0	25489	0	305639	3020	150001	45470	771449	8	543959	49520	12255121	34790	6464296	342756	18719417	377546
1630022400	2021-08-27	1364244	10308	882340	602	9689350	24341	5199526	336417	159088	0	25489	0	306341	702	181759	31758	771459	10	584024	40065	12290482	35361	6873138	408842	19163620	444203
1630108800	2021-08-28	1368772	4528	883019	679	9703557	14207	5331070	131544	159088	0	25489	0	306373	32	182555	796	771464	5	620285	36261	12309254	18772	7042418	169280	19351672	188052
1630195200	2021-08-29	1370163	1391	884479	1460	9718191	14634	5447500	116430	159088	0	25489	0	306374	1	183532	977	771471	7	632120	11835	12325287	16033	7173120	130702	19498407	146735
1630281600	2021-08-30	1382150	11987	885132	653	9804468	86277	5954619	507119	159088	0	25489	0	306386	12	185194	1662	771487	16	652977	20857	12423579	98292	7703411	530291	20126990	628583
1630368000	2021-08-31	1386168	4018	885617	485	9845634	41166	6396905	442286	159088	0	25489	0	306403	17	186839	1645	771656	169	674382	21405	12468949	45370	8169232	465821	20638181	511191
1630454400	2021-09-01	1389752	3584	885965	348	9937161	91527	6798514	401609	159088	0	25489	0	306421	18	187019	180	771787	131	685107	10725	12564209	95260	8582094	412862	21146303	508122
1630540800	2021-09-02	1392807	3055	886261	296	9966820	29659	7016449	217935	159088	0	25489	0	313994	7573	187606	587	772024	237	685377	270	12604733	40524	8801182	219088	21405915	259612
1630627200	2021-09-03	1396188	3381	886644	383	9992600	25780	7201537	185088	159088	0	33231	7742	340186	26192	190014	2408	772169	145	696162	10785	12660231	55498	9007588	206406	21667819	261904
1630713600	2021-09-04	1399082	2894	887295	651	10017747	25147	7318575	117038	159088	0	37737	4506	354813	14627	191490	1476	772340	171	702790	6628	12703070	42839	9137887	130299	21840957	173138
1630800000	2021-09-05	1401732	2650	887430	135	10021318	3571	7352699	34124	159088	0	41749	4012	375097	20284	191758	268	772366	26	705610	2820	12729601	26531	9179246	41359	21908847	67890
1630886400	2021-09-06	1405149	3417	887724	294	10110131	88813	7562134	209435	159088	0	43075	1326	376383	1286	216308	24550	772396	30	705610	0	12823147	93546	9414851	235605	22237998	329151
1630953000	2021-09-06	1407621	2472	888056	332	10236403	126272	7840922	278788	159088	0	43450	375	377217	834	236264	19956	772426	30	706165	555	12952755	129608	9714857	300006	22667612	429614
1631039400	2021-09-07	1416691	9070	888441	385	10384291	147888	8115632	274710	159088	0	43450	0	395945	18728	236656	392	772741	315	710410	4245	13128756	176001	9994589	279732	23123345	455733
1631145600	2021-09-09	1426469	9778	889110	669	10496253	111962	8318368	202736	159089	1	43450	0	410224	14279	237163	507	772771	30	723446	13036	13264806	136050	10211537	216948	23476343	352998
1631232000	2021-09-10	1432159	5690	890368	1258	10583001	86748	8494777	176409	159089	0	43450	0	424105	13881	240074	2911	772936	165	737379	13933	13371290	106484	10406048	194511	23777338	300995
1631298600	2021-09-10	1437275	5116	891734	1366	10653261	70260	8614123	119346	159089	0	43450	0	436041	11936	240231	157	772955	19	754690	17311	13458621	87331	10544228	138180	24002849	225511
1631404800	2021-09-12	1438065	790	892185	451	10679335	26074	8647025	32902	159089	0	43450	0	448382	12341	240569	338	772955	0	755991	1301	13497826	39205	10579220	34992	24077046	74197
1631491200	2021-09-13	1441259	3194	893024	839	10731466	52131	8737393	90368	159089	0	43450	0	448735	353	240954	385	772985	30	757806	1815	13553534	55708	10672627	93407	24226161	149115
1631577600	2021-09-14	1442236	977	894473	1449	10778875	47409	8809628	72235	159089	0	43450	0	449161	426	241854	900	773004	19	757831	25	13602365	48831	10747236	74609	24349601	123440
1631664000	2021-09-15	1444214	1978	894953	480	10820941	42066	8875888	66260	159089	0	43450	0	449796	635	242067	213	775213	2209	757842	11	13649253	46888	10814200	66964	24463453	113852
1631750400	2021-09-16	1444816	602	895003	50	10858564	37623	8928905	53017	159089	0	43453	3	450845	1049	242602	535	776888	1675	757937	95	13690202	40949	10867900	53700	24558102	94649
1631836800	2021-09-17	1445818	1002	949105	54102	10886678	28114	8973670	44765	159089	0	43453	0	452233	1388	243685	1083	777069	181	758282	345	13720887	30685	10968195	100295	24689082	130980
1631903400	2021-09-17	1446704	886	991601	42496	10909974	23296	9016530	42860	159089	0	43453	0	452845	612	243775	90	781285	4216	758742	460	13749897	29010	11054101	85906	24803998	114916
1632009600	2021-09-19	1447411	707	1020888	29287	10930568	20594	9026354	9824	159089	0	43453	0	453403	558	243823	48	782070	785	758947	205	13772541	22644	11093465	39364	24866006	62008
1632096000	2021-09-20	1448177	766	1044504	23616	10959265	28697	9033321	6967	159089	0	43453	0	453454	51	243849	26	782959	889	759018	71	13802944	30403	11124145	30680	24927089	61083
1632182400	2021-09-21	1449122	945	1082816	38312	11060200	100935	9070340	37019	159089	0	47673	4220	454322	868	243993	144	784254	1295	759068	50	13906987	104043	11203890	79745	25110877	183788
1632249000	2021-09-21	1449899	777	1116278	33462	11182365	122165	9102271	31931	159089	0	84907	37234	454743	421	244082	89	786600	2346	759288	220	14032696	125709	11306826	102936	25339522	228645
1632355200	2021-09-23	1451112	1213	1151476	35198	11331168	148803	9133818	31547	159089	0	117595	32688	455325	582	244137	55	786826	226	759332	44	14183520	150824	11406358	99532	25589878	250356
